
{
	"allowSleep" : true,
	"autoClearForces" : true,
	"body" : 
	[
		
		{
			"angle" : 0.6429812908172607,
			"angularVelocity" : 0,
			"awake" : true,
			"customProperties" : 
			[
				
				{
					"bool" : true,
					"name" : "exploding"
				}
			],
			"fixture" : 
			[
				
				{
					"density" : 1,
					"friction" : 0.2,
					"name" : "fixture1",
					"polygon" : 
					{
						"vertices" : 
						{
							"x" : [ 1, 1, -2, -2 ],
							"y" : [ -2, 1, 1, -2 ]
						}
					}
				}
			],
			"linearVelocity" : 0,
			"name" : "body1",
			"position" : 
			{
				"x" : 8.832598686218262,
				"y" : 9.864562988281250
			},
			"type" : 0
		},
		
		{
			"angle" : 0,
			"angularVelocity" : 0,
			"awake" : true,
			"customProperties" : 
			[
				
				{
					"bool" : false,
					"name" : "exploding"
				}
			],
			"fixture" : 
			[
				
				{
					"density" : 1,
					"friction" : 0.2,
					"name" : "fixture1",
					"polygon" : 
					{
						"vertices" : 
						{
							"x" : [ 1, 1, -2, -2 ],
							"y" : [ -2, 1, 1, -2 ]
						}
					}
				}
			],
			"linearVelocity" : 0,
			"name" : "body1",
			"position" : 
			{
				"x" : 15.0,
				"y" : 8
			},
			"type" : 0
		},
		
		{
			"angle" : 0.7347292900085449,
			"angularVelocity" : 0,
			"awake" : true,
			"customProperties" : 
			[
				
				{
					"bool" : false,
					"name" : "exploding"
				}
			],
			"fixture" : 
			[
				
				{
					"density" : 1,
					"friction" : 0.2,
					"name" : "fixture7",
					"polygon" : 
					{
						"vertices" : 
						{
							"x" : [ 1.710608482360840, -0.4651203155517578, -1.728904724121094 ],
							"y" : [ -1.701395988464355, 1.700685501098633, -1.532375335693359 ]
						}
					}
				}
			],
			"linearVelocity" : 0,
			"name" : "body8",
			"position" : 
			{
				"x" : 11.00734615325928,
				"y" : 14.46840286254883
			},
			"type" : 0
		},
		
		{
			"angle" : 0,
			"angularVelocity" : 0,
			"awake" : true,
			"customProperties" : 
			[
				
				{
					"bool" : false,
					"name" : "exploding"
				}
			],
			"fixture" : 
			[
				
				{
					"density" : 1,
					"friction" : 0.2,
					"name" : "fixture9",
					"polygon" : 
					{
						"vertices" : 
						{
							"x" : 
							[
								0.9963589906692505,
								0.9102119803428650,
								0.8727570176124573,
								0.7603889703750610,
								0.3221600055694580,
								0.2921949923038483,
								0.2472500056028366,
								-0.9812909960746765
							],
							"y" : 
							[
								-1.442000031471252,
								0.3221530020236969,
								0.8615120053291321,
								1.056280016899109,
								1.397130012512207,
								1.404620051383972,
								1.404620051383972,
								-1.442000031471252
							]
						}
					}
				},
				
				{
					"density" : 1,
					"friction" : 0.2,
					"name" : "fixture9",
					"polygon" : 
					{
						"vertices" : 
						{
							"x" : 
							[
								0.2472500056028366,
								0.2322670072317123,
								-0.8951439857482910,
								-0.9063799977302551,
								-1.221009969711304,
								-1.209769964218140,
								-1.011260032653809,
								-0.9812909960746765
							],
							"y" : 
							[
								1.404620051383972,
								1.404620051383972,
								0.3221530020236969,
								0.3109169900417328,
								-1.224760055541992,
								-1.235999941825867,
								-1.419530034065247,
								-1.442000031471252
							]
						}
					}
				},
				
				{
					"density" : 1,
					"friction" : 0.2,
					"name" : "fixture9",
					"polygon" : 
					{
						"vertices" : 
						{
							"x" : 
							[
								0.2921949923038483,
								0.2772139906883240,
								0.2622320055961609,
								0.2472500056028366
							],
							"y" : 
							[
								1.404620051383972,
								1.415850043296814,
								1.415850043296814,
								1.404620051383972
							]
						}
					}
				},
				
				{
					"density" : 1,
					"friction" : 0.2,
					"name" : "fixture9",
					"polygon" : 
					{
						"vertices" : 
						{
							"x" : [ 0.7603889703750610, 0.7566429972648621, 0.3221600055694580 ],
							"y" : [ 1.056280016899109, 1.086249947547913, 1.397130012512207 ]
						}
					}
				},
				
				{
					"density" : 1,
					"friction" : 0.2,
					"name" : "fixture9",
					"polygon" : 
					{
						"vertices" : 
						{
							"x" : 
							[
								1.247310042381287,
								0.9214479923248291,
								0.9102119803428650,
								0.9963589906692505,
								1.101230025291443,
								1.224840044975281
							],
							"y" : 
							[
								-1.206030011177063,
								0.3109169900417328,
								0.3221530020236969,
								-1.442000031471252,
								-1.382069945335388,
								-1.235999941825867
							]
						}
					}
				},
				
				{
					"density" : 1,
					"friction" : 0.2,
					"name" : "fixture9",
					"polygon" : 
					{
						"vertices" : 
						{
							"x" : 
							[
								1.247310042381287,
								1.236070036888123,
								1.224840044975281,
								0.9963589906692505,
								0.9214479923248291
							],
							"y" : 
							[
								-1.206030011177063,
								0.1011660024523735,
								0.1124029979109764,
								0.3071709871292114,
								0.3109169900417328
							]
						}
					}
				},
				
				{
					"density" : 1,
					"friction" : 0.2,
					"name" : "fixture9",
					"polygon" : 
					{
						"vertices" : 
						{
							"x" : 
							[
								1.224840044975281,
								1.202360033988953,
								1.101230025291443,
								0.9963589906692505
							],
							"y" : 
							[
								0.1124029979109764,
								0.1573500037193298,
								0.2622250020503998,
								0.3071709871292114
							]
						}
					}
				},
				
				{
					"density" : 1,
					"friction" : 0.2,
					"name" : "fixture9",
					"polygon" : 
					{
						"vertices" : 
						{
							"x" : [ 1.251060009002686, 1.236070036888123, 1.247310042381287 ],
							"y" : [ 0.09742069989442825, 0.1011660024523735, -1.206030011177063 ]
						}
					}
				},
				
				{
					"density" : 1,
					"friction" : 0.2,
					"name" : "fixture9",
					"polygon" : 
					{
						"vertices" : 
						{
							"x" : [ 1.224840044975281, 1.101230025291443, 1.217350006103516 ],
							"y" : [ -1.235999941825867, -1.382069945335388, -1.265959978103638 ]
						}
					}
				},
				
				{
					"density" : 1,
					"friction" : 0.2,
					"name" : "fixture9",
					"polygon" : 
					{
						"vertices" : 
						{
							"x" : 
							[
								-1.011260032653809,
								-1.209769964218140,
								-1.187299966812134,
								-1.086169958114624,
								-1.041219949722290
							],
							"y" : 
							[
								-1.419530034065247,
								-1.235999941825867,
								-1.280940055847168,
								-1.385820031166077,
								-1.412039995193481
							]
						}
					}
				},
				
				{
					"density" : 1,
					"friction" : 0.2,
					"name" : "fixture9",
					"polygon" : 
					{
						"vertices" : 
						{
							"x" : [ -0.9063799977302551, -1.235990047454834, -1.221009969711304 ],
							"y" : [ 0.3109169900417328, -1.221009969711304, -1.224760055541992 ]
						}
					}
				},
				
				{
					"density" : 1,
					"friction" : 0.2,
					"name" : "fixture9",
					"polygon" : 
					{
						"vertices" : 
						{
							"x" : 
							[
								-0.9063799977302551,
								-0.9663090109825134,
								-1.086169958114624,
								-1.209769964218140,
								-1.232239961624146,
								-1.235990047454834
							],
							"y" : 
							[
								0.3109169900417328,
								0.3071709871292114,
								0.2584789991378784,
								0.1124029979109764,
								0.08243849873542786,
								-1.221009969711304
							]
						}
					}
				},
				
				{
					"density" : 1,
					"friction" : 0.2,
					"name" : "fixture9",
					"polygon" : 
					{
						"vertices" : 
						{
							"x" : [ -1.086169958114624, -1.202280044555664, -1.209769964218140 ],
							"y" : [ 0.2584789991378784, 0.1423670053482056, 0.1124029979109764 ]
						}
					}
				},
				
				{
					"density" : 1,
					"friction" : 0.2,
					"name" : "fixture9",