
{
	"allowSleep" : true,
	"autoClearForces" : true,
	"body" : 
	[
		
		{
			"angle" : 0,
			"angularVelocity" : 0,
			"awake" : true,
			"customProperties" : 
			[
				
				{
					"bool" : true,
					"name" : "bomb"
				}
			],
			"fixture" : 
			[
				
				{
					"circle" : 
					{
						"center" : 0,
						"radius" : 0.2372656762599945
					},
					"density" : 1,
					"friction" : 0.2,
					"name" : "fixture8"
				}
			],
			"linearVelocity" : 0,
			"massData-I" : 0.004978053271770477,
			"massData-mass" : 0.1768559664487839,
			"name" : "body8",
			"position" : 
			{
				"x" : 15.05845928192139,
				"y" : 2.456528186798096
			},
			"type" : 2
		},
		
		{
			"angle" : 0,
			"angularVelocity" : 0,
			"awake" : true,
			"fixture" : 
			[
				
				{
					"density" : 1,
					"friction" : 0.2,
					"name" : "fixture7",
					"polygon" : 
					{
						"vertices" : 
						{
							"x" : [ 0.5, 0.5, -21.89659690856934, -21.89659690856934 ],
							"y" : [ -0.5, 0.5, 0.5157270431518555, -0.4842729568481445 ]
						}
					}
				}
			],
			"linearVelocity" : 0,
			"name" : "body7",
			"position" : 
			{
				"x" : 22.39659690856934,
				"y" : 7.484272956848145
			},
			"type" : 0
		},
		
		{
			"angle" : 0,
			"angularVelocity" : 0,
			"awake" : true,
			"fixture" : 
			[
				
				{
					"density" : 1,
					"friction" : 0.2,
					"name" : "fixture6",
					"polygon" : 
					{
						"vertices" : 
						{
							"x" : 
							[
								28.03377723693848,
								28.03377723693848,
								-0.9662222862243652,
								-0.9662222862243652
							],
							"y" : 
							[
								0.4872360229492188,
								0.5872364044189453,
								0.5872364044189453,
								0.4872360229492188
							]
						}
					}
				}
			],
			"linearVelocity" : 0,
			"name" : "body6",
			"position" : 
			{
				"x" : 1.466222286224365,
				"y" : 16.41276359558105
			},
			"type" : 0
		},
		
		{
			"angle" : 0,
			"angularVelocity" : 0,
			"awake" : true,
			"fixture" : 
			[
				
				{
					"density" : 1,
					"friction" : 0.2,
					"name" : "fixture5",
					"polygon" : 
					{
						"vertices" : 
						{
							"x" : 
							[
								3.234161376953125,
								3.234161376953125,
								-0.2155132293701172,
								-3.234146118164062
							],
							"y" : 
							[
								-0.1266798973083496,
								0.1266803741455078,
								0.1266800016164780,
								-0.1266798973083496
							]
						}
					}
				}
			],
			"linearVelocity" : 0,
			"massData-I" : 3.628870487213135,
			"massData-center" : 
			{
				"x" : 0.6781041026115417,
				"y" : -0.01285196840763092
			},
			"massData-mass" : 1.256410121917725,
			"name" : "body5",
			"position" : 
			{
				"x" : 26.22812652587891,
				"y" : 6.274947643280029
			},
			"type" : 2
		},
		
		{
			"angle" : 0,
			"angularVelocity" : 0,
			"awake" : true,
			"fixture" : 
			[
				
				{
					"circle" : 
					{
						"center" : 0,
						"radius" : 0.5
					},
					"density" : 3.819718599319458,
					"friction" : 0.2,
					"name" : "fixture4"
				}
			],
			"linearVelocity" : 0,
			"massData-I" : 0.3750,
			"massData-mass" : 3,
			"name" : "body4",
			"position" : 
			{
				"x" : 16.04800224304199,
				"y" : 2.668840885162354
			},
			"type" : 2
		},
		
		{
			"angle" : 0,
			"angularVelocity" : 0,
			"awake" : true,
			"fixture" : 
			[
				
				{
					"circle" : 
					{
						"center" : 0,
						"radius" : 0.5
					},
					"density" : 3.819718599319458,
					"friction" : 0.2,
					"name" : "fixture4"
				}
			],
			"linearVelocity" : 0,
			"massData-I" : 0.3750,
			"massData-mass" : 3,
			"name" : "body4",
			"position" : 
			{
				"x" : 14.05688285827637,
				"y" : 2.675416946411133
			},
			"type" : 2
		},
		
		{
			"angle" : 0,
			"angularVelocity" : 0,
			"awake" : true,
			"fixture" : 
			[
				
				{
					"density" : 1,
					"friction" : 0.2,
					"name" : "fixture3",
					"polygon" : 
					{
						"vertices" : 
						{
							"x" : 
							[
								1.000006437301636,
								1.000006437301636,
								-1.000006198883057,
								-1.000006198883057
							],
							"y" : [ -0.5, 0.5, 0.5, -0.5 ]
						}
					}
				}
			],
			"linearVelocity" : 0,
			"massData-I" : 0.8333470821380615,
			"massData-center" : 
			{
				"x" : 1.192092895507812e-07,
				"y" : 0
			},
			"massData-mass" : 2.000012636184692,
			"name" : "body3",
			"position" : 
			{
				"x" : 14.99532318115234,
				"y" : 3.407804012298584
			},
			"type" : 2
		},
		
		{
			"angle" : 0,
			"angularVelocity" : 0,
			"awake" : true,
			"fixture" : 
			[
				
				{
					"density" : 1,
					"friction" : 0.2,
					"name" : "fixture2",
					"polygon" : 
					{
						"vertices" : 
						{
							"x" : 
							[
								0.03840637207031250,
								0.03840637207031250,
								-0.4615936279296875,
								-0.4615936279296875
							],
							"y" : 
							[
								-9.822893142700195,
								7.177106857299805,
								7.177106857299805,
								-9.822893142700195
							]
						}
					}
				}
			],
			"linearVelocity" : 0,
			"name" : "body2",
			"position" : 
			{
				"x" : 29.96159362792969,
				"y" : 9.822893142700195
			},
			"type" : 0
		},
		
		{
			"angle" : 0,
			"angularVelocity" : 0,
			"awake" : true,
			"fixture" : 
			[
				
				{
					"density" : 1,
					"friction" : 0.2,
					"name" : "fixture1",
					"polygon" : 
					{
						"vertices" : 
						{
							"x" : 
							[
								0.4125080108642578,
								0.4125080108642578,
								-0.08749198913574219,
								-0.08749198913574219
							],
							"y" : 
							[
								-8.307398796081543,
								8.692601203918457,
								8.692601203918457,
								-8.307398796081543
							]
						}
					}
				}
			],
			"linearVelocity" : 0,
			"name" : "body1",
			"position" : 
			{
				"x" : 0.08749198913574219,
				"y" : 8.307398796081543
			},
			"type" : 0
		},
		
		{
			"angle" : 0,
			"angularVelocity" : 0,
			"awake" : true,
			"fixture" : 
			[
				
				{
					"density" : 1,
					"friction" : 0.2,
					"name" : "fixture0",
					"polygon" : 
					{
						"vertices" : 
						{
							"x" : [ 30.0, 30.0, 0.0, 0.0 ],
							"y" : [ 0.0, 2, 2, 0.0 ]
						}
					}
				}
			],
			"linearVelocity" : 0,
			"name" : "body0",
			"position" : 0,
			"type" : 0
		}
	],
	"collisionbitplanes" : 
	{
		"names" : 
		[
			"bitplane1",
			"bitplane2",
			"bitplane3",
			"bitplane4",
			"bitplane5",
			"bitplane6",
			"bitplane7",
			"bitplane8",
			"bitplane9",
			"bitplane10",
			"bitplane11",
			"bitplane12",
			"bitplane13",
			"bitplane14",
			"bitplane15",
			"bitplane16",
			"bitplane17",
			"bitplane18",
			"bitplane19",
			"bitplane20",
			"bitplane21",
			"bitplane22",
			"bitplane23",
			"bitplane24",
			"bitplane25",
			"bitplane26",
			"bitplane27",
			"bitplane28",
			"bitplane29",
			"bitplane30",
			"bitplane31",
			"bitplane32"
		]
	},
	"continuousPhysics" : true,
	"gravity" : 
	{
		"x" : 0,
		"y" : -10
	},
	"image" : 
	[
		
		{
			"aspectScale" : 1,
			"body" : -1,
			"center" : 
			{
				"x" : 2,
				"y" : 1.5
			},
			"corners" : 
			{
				"x" : [ 0.0, 4, 4, 0.0 ],
				"y" : [ 0.0, 0.0, 3, 3 ]
			},
			"file" : "grass.png",
			"filter" : 1,
			"glDrawElements" : [ 0, 1, 2, 2, 3, 0 ],
			"glTexCoordPointer" : [ 0.0, 0.0, 1, 0.0, 1, 1, 0.0, 1 ],
			"glVertexPointer" : [ 0.0, 0.0, 4, 0.0, 4, 3, 0.0, 3 ],
			"name" : "image0",
			"opacity" : 0.5,
			"scale" : 3
		},
		
		{
			"aspectScale" : 1,
			"body" : -1,
			"center" : 
			{
				"x" : 10,
				"y" : 1.5
			},
			"corners" : 
			{
				"x" : [ 8, 12.0, 12.0, 8 ],
				"y" : [ 0.0, 0.0, 3, 3 ]
			},
			"file" : "grass.png",
			"filter" : 1,
			"glDrawElements" : [ 0, 1, 2, 2, 3, 0 ],
			"glTexCoordPointer" : [ 0.0, 0.0, 1, 0.0, 1, 1, 0.0, 1 ],
			"glVertexPointer" : [ 8, 0.0, 12.0, 0.0, 12.0, 3, 8, 3 ],
			"name" : "image0",
			"opacity" : 0.5,
			"scale" : 3
		},
		
		{
			"aspectScale" : 1,
			"body" : -1,
			"center" : 
			{
				"x" : 6,
				"y" : 1.5
			},
			"corners" : 
			{
				"x" : [ 4, 8, 8, 4 ],
				"y" : [ 0.0, 0.0, 3, 3 ]
			},
			"file" : "grass.png",